family,members
"Ducks, Geese, and Swans",Black-bellied Whistling-Duck
"Ducks, Geese, and Swans",Fulvous Whistling-Duck
"Ducks, Geese, and Swans",Taiga Bean-Goose
"Ducks, Geese, and Swans",Tundra Bean-Goose
"Ducks, Geese, and Swans",Pink-footed Goose
"Ducks, Geese, and Swans",Greater White-fronted Goose
"Ducks, Geese, and Swans",Lesser White-fronted Goose
"Ducks, Geese, and Swans",Graylag Goose
"Ducks, Geese, and Swans",Emperor Goose
"Ducks, Geese, and Swans",Snow Goose
"Ducks, Geese, and Swans",Ross's Goose
"Ducks, Geese, and Swans",Brant
"Ducks, Geese, and Swans",Barnacle Goose
"Ducks, Geese, and Swans",Cackling Goose
"Ducks, Geese, and Swans",Canada Goose
"Ducks, Geese, and Swans",Mute Swan
"Ducks, Geese, and Swans",Trumpeter Swan
"Ducks, Geese, and Swans",Tundra Swan
"Ducks, Geese, and Swans",Whooper Swan
"Ducks, Geese, and Swans",Egyptian Goose
"Ducks, Geese, and Swans",Muscovy Duck
"Ducks, Geese, and Swans",Wood Duck
"Ducks, Geese, and Swans",Gadwall
"Ducks, Geese, and Swans",Falcated Duck
"Ducks, Geese, and Swans",Eurasian Wigeon
"Ducks, Geese, and Swans",American Wigeon
"Ducks, Geese, and Swans",American Black Duck
"Ducks, Geese, and Swans",Mallard
"Ducks, Geese, and Swans",Mottled Duck
"Ducks, Geese, and Swans",Eastern Spot-billed Duck
"Ducks, Geese, and Swans",Blue-winged Teal
"Ducks, Geese, and Swans",Cinnamon Teal
"Ducks, Geese, and Swans",Northern Shoveler
"Ducks, Geese, and Swans",White-cheeked Pintail
"Ducks, Geese, and Swans",Northern Pintail
"Ducks, Geese, and Swans",Garganey
"Ducks, Geese, and Swans",Baikal Teal
"Ducks, Geese, and Swans",Green-winged Teal
"Ducks, Geese, and Swans",Canvasback
"Ducks, Geese, and Swans",Redhead
"Ducks, Geese, and Swans",Common Pochard
"Ducks, Geese, and Swans",Ring-necked Duck
"Ducks, Geese, and Swans",Tufted Duck
"Ducks, Geese, and Swans",Greater Scaup
"Ducks, Geese, and Swans",Lesser Scaup
"Ducks, Geese, and Swans",Steller's Eider
"Ducks, Geese, and Swans",Spectacled Eider
"Ducks, Geese, and Swans",King Eider
"Ducks, Geese, and Swans",Common Eider
"Ducks, Geese, and Swans",Harlequin Duck
"Ducks, Geese, and Swans",Labrador Duck
"Ducks, Geese, and Swans",Surf Scoter
"Ducks, Geese, and Swans",White-winged Scoter
"Ducks, Geese, and Swans",Common Scoter
"Ducks, Geese, and Swans",Black Scoter
"Ducks, Geese, and Swans",Long-tailed Duck
"Ducks, Geese, and Swans",Bufflehead
"Ducks, Geese, and Swans",Common Goldeneye
"Ducks, Geese, and Swans",Barrow's Goldeneye
"Ducks, Geese, and Swans",Smew
"Ducks, Geese, and Swans",Hooded Merganser
"Ducks, Geese, and Swans",Common Merganser
"Ducks, Geese, and Swans",Red-breasted Merganser
"Ducks, Geese, and Swans",Masked Duck
"Ducks, Geese, and Swans",Ruddy Duck
Curassows and Guans,Plain Chachalaca
New World Quail,Mountain Quail
New World Quail,Scaled Quail
New World Quail,California Quail
New World Quail,Gambel's Quail
New World Quail,Northern Bobwhite
New World Quail,Montezuma Quail
"Partridges, Grouse, Turkeys, and Old World Quail",Chukar
"Partridges, Grouse, Turkeys, and Old World Quail",Himalayan Snowcock
"Partridges, Grouse, Turkeys, and Old World Quail",Gray Partridge
"Partridges, Grouse, Turkeys, and Old World Quail",Ring-necked Pheasant
"Partridges, Grouse, Turkeys, and Old World Quail",Ruffed Grouse
"Partridges, Grouse, Turkeys, and Old World Quail",Greater Sage-Grouse
"Partridges, Grouse, Turkeys, and Old World Quail",Gunnison Sage-Grouse
"Partridges, Grouse, Turkeys, and Old World Quail",Spruce Grouse
"Partridges, Grouse, Turkeys, and Old World Quail",Willow Ptarmigan
"Partridges, Grouse, Turkeys, and Old World Quail",Rock Ptarmigan
"Partridges, Grouse, Turkeys, and Old World Quail",White-tailed Ptarmigan
"Partridges, Grouse, Turkeys, and Old World Quail",Dusky Grouse
"Partridges, Grouse, Turkeys, and Old World Quail",Sooty Grouse
"Partridges, Grouse, Turkeys, and Old World Quail",Sharp-tailed Grouse
"Partridges, Grouse, Turkeys, and Old World Quail",Greater Prairie-Chicken
"Partridges, Grouse, Turkeys, and Old World Quail",Lesser Prairie-Chicken
"Partridges, Grouse, Turkeys, and Old World Quail",Wild Turkey
Loons,Red-throated Loon
Loons,Arctic Loon
Loons,Pacific Loon
Loons,Common Loon
Loons,Yellow-billed Loon
Grebes,Least Grebe
Grebes,Pied-billed Grebe
Grebes,Horned Grebe
Grebes,Red-necked Grebe
Grebes,Eared Grebe
Grebes,Western Grebe
Grebes,Clark's Grebe
Flamingos,American Flamingo
Albatrosses,Yellow-nosed Albatross
Albatrosses,White-capped Albatross
Albatrosses,Salvin’s Albatross
Albatrosses,Black-browed Albatross
Albatrosses,Light-mantled Albatross
Albatrosses,Wandering Albatross
Albatrosses,Laysan Albatross
Albatrosses,Black-footed Albatross
Albatrosses,Short-tailed Albatross
Shearwaters and Petrels,Northern Fulmar
Shearwaters and Petrels,Great-winged Petrel
Shearwaters and Petrels,Providence Petrel
Shearwaters and Petrels,Trindade Petrel
Shearwaters and Petrels,Murphy's Petrel
Shearwaters and Petrels,Mottled Petrel
Shearwaters and Petrels,Bermuda Petrel
Shearwaters and Petrels,Black-capped Petrel
Shearwaters and Petrels,Hawaiian Petrel
Shearwaters and Petrels,Fea's Petrel
Shearwaters and Petrels,Zino’s Petrel
Shearwaters and Petrels,Cook's Petrel
Shearwaters and Petrels,Stejneger's Petrel
Shearwaters and Petrels,Bulwer's Petrel
Shearwaters and Petrels,White-chinned Petrel
Shearwaters and Petrels,Parkinson's Petrel
Shearwaters and Petrels,Streaked Shearwater
Shearwaters and Petrels,Cory's Shearwater
Shearwaters and Petrels,Cape Verde Shearwater
Shearwaters and Petrels,Pink-footed Shearwater
Shearwaters and Petrels,Flesh-footed Shearwater
Shearwaters and Petrels,Great Shearwater
Shearwaters and Petrels,Wedge-tailed Shearwater
Shearwaters and Petrels,Buller's Shearwater
Shearwaters and Petrels,Sooty Shearwater
Shearwaters and Petrels,Short-tailed Shearwater
Shearwaters and Petrels,Manx Shearwater
Shearwaters and Petrels,Newell’s Shearwater
Shearwaters and Petrels,Black-vented Shearwater
Shearwaters and Petrels,Audubon's Shearwater
Shearwaters and Petrels,Barolo Shearwater
Storm-Petrels,Wilson's Storm-Petrel
Storm-Petrels,White-faced Storm-Petrel
Storm-Petrels,European Storm-Petrel
Storm-Petrels,Black-bellied Storm-Petrel
Storm-Petrels,Fork-tailed Storm-Petrel
Storm-Petrels,Ringed Storm-Petrel
Storm-Petrels,Swinhoe's Storm-Petrel
Storm-Petrels,Leach's Storm-Petrel
Storm-Petrels,Townsend's Storm-Petrel
Storm-Petrels,Ashy Storm-Petrel
Storm-Petrels,Band-rumped Storm-Petrel
Storm-Petrels,Wedge-rumped Storm-Petrel
Storm-Petrels,Black Storm-Petrel
Storm-Petrels,Tristram's Storm-Petrel
Storm-Petrels,Least Storm-Petrel
Tropicbirds,White-tailed Tropicbird
Tropicbirds,Red-billed Tropicbird
Tropicbirds,Red-tailed Tropicbird
Storks,Jabiru
Storks,Wood Stork
Frigatebirds,Magnificent Frigatebird
Frigatebirds,Great Frigatebird
Frigatebirds,Lesser Frigatebird
Boobies and Gannets,Masked Booby
Boobies and Gannets,Blue-footed Booby
Boobies and Gannets,Brown Booby
Boobies and Gannets,Red-footed Booby
Boobies and Gannets,Northern Gannet
Cormorants,Brandt's Cormorant
Cormorants,Neotropic Cormorant
Cormorants,Double-crested Cormorant
Cormorants,Great Cormorant
Cormorants,Red-faced Cormorant
Cormorants,Pelagic Cormorant
Darters,Anhinga
Pelicans,American White Pelican
Pelicans,Brown Pelican
"Bitterns, Herons, and Allies",American Bittern
"Bitterns, Herons, and Allies",Yellow Bittern
"Bitterns, Herons, and Allies",Least Bittern
"Bitterns, Herons, and Allies",Bare-throated Tiger-Heron
"Bitterns, Herons, and Allies",Great Blue Heron
"Bitterns, Herons, and Allies",Gray Heron
"Bitterns, Herons, and Allies",Great Egret
"Bitterns, Herons, and Allies",Intermediate Egret
"Bitterns, Herons, and Allies",Chinese Egret
"Bitterns, Herons, and Allies",Little Egret
"Bitterns, Herons, and Allies",Western Reef-Heron
"Bitterns, Herons, and Allies",Snowy Egret
"Bitterns, Herons, and Allies",Little Blue Heron
"Bitterns, Herons, and Allies",Tricolored Heron
"Bitterns, Herons, and Allies",Reddish Egret
"Bitterns, Herons, and Allies",Cattle Egret
"Bitterns, Herons, and Allies",Chinese Pond-Heron
"Bitterns, Herons, and Allies",Green Heron
"Bitterns, Herons, and Allies",Black-crowned Night-Heron
"Bitterns, Herons, and Allies",Yellow-crowned Night-Heron
Ibises and Spoonbills,White Ibis
Ibises and Spoonbills,Scarlet Ibis
Ibises and Spoonbills,Glossy Ibis
Ibises and Spoonbills,White-faced Ibis
Ibises and Spoonbills,Roseate Spoonbill
New World Vultures,Black Vulture
New World Vultures,Turkey Vulture
New World Vultures,California Condor
Ospreys,Osprey
"Hawks, Kites, Eagles, and Allies",Hook-billed Kite
"Hawks, Kites, Eagles, and Allies",Swallow-tailed Kite
"Hawks, Kites, Eagles, and Allies",White-tailed Kite
"Hawks, Kites, Eagles, and Allies",Snail Kite
"Hawks, Kites, Eagles, and Allies",Double-toothed Kite
"Hawks, Kites, Eagles, and Allies",Mississippi Kite
"Hawks, Kites, Eagles, and Allies",Bald Eagle
"Hawks, Kites, Eagles, and Allies",White-tailed Eagle
"Hawks, Kites, Eagles, and Allies",Steller's Sea-Eagle
"Hawks, Kites, Eagles, and Allies",Northern Harrier
"Hawks, Kites, Eagles, and Allies",Sharp-shinned Hawk
"Hawks, Kites, Eagles, and Allies",Cooper's Hawk
"Hawks, Kites, Eagles, and Allies",Northern Goshawk
"Hawks, Kites, Eagles, and Allies",Crane Hawk
"Hawks, Kites, Eagles, and Allies",Common Black Hawk
"Hawks, Kites, Eagles, and Allies",Roadside Hawk
"Hawks, Kites, Eagles, and Allies",Harris's Hawk
"Hawks, Kites, Eagles, and Allies",White-tailed Hawk
"Hawks, Kites, Eagles, and Allies",Gray Hawk
"Hawks, Kites, Eagles, and Allies",Red-shouldered Hawk
"Hawks, Kites, Eagles, and Allies",Broad-winged Hawk
"Hawks, Kites, Eagles, and Allies",Short-tailed Hawk
"Hawks, Kites, Eagles, and Allies",Swainson's Hawk
"Hawks, Kites, Eagles, and Allies",Zone-tailed Hawk
"Hawks, Kites, Eagles, and Allies",Red-tailed Hawk
"Hawks, Kites, Eagles, and Allies",Rough-legged Hawk
"Hawks, Kites, Eagles, and Allies",Ferruginous Hawk
"Hawks, Kites, Eagles, and Allies",Golden Eagle
"Rails, Gallinules, and Coots",Yellow Rail
"Rails, Gallinules, and Coots",Black Rail
"Rails, Gallinules, and Coots",Corn Crake
"Rails, Gallinules, and Coots",Ridgway’s Rail
"Rails, Gallinules, and Coots",Clapper Rail
"Rails, Gallinules, and Coots",King Rail
"Rails, Gallinules, and Coots",Virginia Rail
"Rails, Gallinules, and Coots",Rufous-necked Wood-Rail
"Rails, Gallinules, and Coots",Sora
"Rails, Gallinules, and Coots",Paint-billed Crake
"Rails, Gallinules, and Coots",Spotted Rail
"Rails, Gallinules, and Coots",Purple Swamphen
"Rails, Gallinules, and Coots",Purple Gallinule
"Rails, Gallinules, and Coots",Common Gallinule
"Rails, Gallinules, and Coots",Common Moorhen
"Rails, Gallinules, and Coots",Eurasian Coot
"Rails, Gallinules, and Coots",American Coot
Sungrebes,Sungrebe
Limpkins,Limpkin
Cranes,Sandhill Crane
Cranes,Common Crane
Cranes,Whooping Crane
Thick-knees,Double-striped Thick-knee
Stilts and Avocets,Black-winged Stilt
Stilts and Avocets,Black-necked Stilt
Stilts and Avocets,American Avocet
Oystercatchers,Eurasian Oystercatcher
Oystercatchers,American Oystercatcher
Oystercatchers,Black Oystercatcher
Lapwings and Plovers,Northern Lapwing
Lapwings and Plovers,Black-bellied Plover
Lapwings and Plovers,European Golden-Plover
Lapwings and Plovers,American Golden-Plover
Lapwings and Plovers,Pacific Golden-Plover
Lapwings and Plovers,Lesser Sand-Plover
Lapwings and Plovers,Greater Sand-Plover
Lapwings and Plovers,Collared Plover
Lapwings and Plovers,Snowy Plover
Lapwings and Plovers,Wilson's Plover
Lapwings and Plovers,Common Ringed Plover
Lapwings and Plovers,Semipalmated Plover
Lapwings and Plovers,Piping Plover
Lapwings and Plovers,Little Ringed Plover
Lapwings and Plovers,Killdeer
Lapwings and Plovers,Mountain Plover
Lapwings and Plovers,Eurasian Dotterel
Jacanas,Northern Jacana
"Sandpipers, Phalaropes, and Allies",Terek Sandpiper
"Sandpipers, Phalaropes, and Allies",Common Sandpiper
"Sandpipers, Phalaropes, and Allies",Spotted Sandpiper
"Sandpipers, Phalaropes, and Allies",Green Sandpiper
"Sandpipers, Phalaropes, and Allies",Solitary Sandpiper
"Sandpipers, Phalaropes, and Allies",Gray-tailed Tattler
"Sandpipers, Phalaropes, and Allies",Wandering Tattler
"Sandpipers, Phalaropes, and Allies",Spotted Redshank
"Sandpipers, Phalaropes, and Allies",Greater Yellowlegs
"Sandpipers, Phalaropes, and Allies",Common Greenshank
"Sandpipers, Phalaropes, and Allies",Willet
"Sandpipers, Phalaropes, and Allies",Lesser Yellowlegs
"Sandpipers, Phalaropes, and Allies",Marsh Sandpiper
"Sandpipers, Phalaropes, and Allies",Wood Sandpiper
"Sandpipers, Phalaropes, and Allies",Common Redshank
"Sandpipers, Phalaropes, and Allies",Upland Sandpiper
"Sandpipers, Phalaropes, and Allies",Little Curlew
"Sandpipers, Phalaropes, and Allies",Eskimo Curlew
"Sandpipers, Phalaropes, and Allies",Whimbrel
"Sandpipers, Phalaropes, and Allies",Bristle-thighed Curlew
"Sandpipers, Phalaropes, and Allies",Far Eastern Curlew
"Sandpipers, Phalaropes, and Allies",Slender-billed Curlew
"Sandpipers, Phalaropes, and Allies",Eurasian Curlew
"Sandpipers, Phalaropes, and Allies",Long-billed Curlew
"Sandpipers, Phalaropes, and Allies",Black-tailed Godwit
"Sandpipers, Phalaropes, and Allies",Hudsonian Godwit
"Sandpipers, Phalaropes, and Allies",Bar-tailed Godwit
"Sandpipers, Phalaropes, and Allies",Marbled Godwit
"Sandpipers, Phalaropes, and Allies",Ruddy Turnstone
"Sandpipers, Phalaropes, and Allies",Black Turnstone
"Sandpipers, Phalaropes, and Allies",Great Knot
"Sandpipers, Phalaropes, and Allies",Red Knot
"Sandpipers, Phalaropes, and Allies",Surfbird
"Sandpipers, Phalaropes, and Allies",Ruff
"Sandpipers, Phalaropes, and Allies",Broad-billed Sandpiper
"Sandpipers, Phalaropes, and Allies",Sharp-tailed Sandpiper
"Sandpipers, Phalaropes, and Allies",Stilt Sandpiper
"Sandpipers, Phalaropes, and Allies",Curlew Sandpiper
"Sandpipers, Phalaropes, and Allies",Temminck's Stint
"Sandpipers, Phalaropes, and Allies",Long-toed Stint
"Sandpipers, Phalaropes, and Allies",Spoon-billed Sandpiper
"Sandpipers, Phalaropes, and Allies",Red-necked Stint
"Sandpipers, Phalaropes, and Allies",Sanderling
"Sandpipers, Phalaropes, and Allies",Dunlin
"Sandpipers, Phalaropes, and Allies",Rock Sandpiper
"Sandpipers, Phalaropes, and Allies",Purple Sandpiper
"Sandpipers, Phalaropes, and Allies",Baird's Sandpiper
"Sandpipers, Phalaropes, and Allies",Little Stint
"Sandpipers, Phalaropes, and Allies",Least Sandpiper
"Sandpipers, Phalaropes, and Allies",White-rumped Sandpiper
"Sandpipers, Phalaropes, and Allies",Buff-breasted Sandpiper
"Sandpipers, Phalaropes, and Allies",Pectoral Sandpiper
"Sandpipers, Phalaropes, and Allies",Semipalmated Sandpiper
"Sandpipers, Phalaropes, and Allies",Western Sandpiper
"Sandpipers, Phalaropes, and Allies",Short-billed Dowitcher
"Sandpipers, Phalaropes, and Allies",Long-billed Dowitcher
"Sandpipers, Phalaropes, and Allies",Jack Snipe
"Sandpipers, Phalaropes, and Allies",Wilson's Snipe
"Sandpipers, Phalaropes, and Allies",Common Snipe
"Sandpipers, Phalaropes, and Allies",Pin-tailed Snipe
"Sandpipers, Phalaropes, and Allies",Solitary Snipe
"Sandpipers, Phalaropes, and Allies",Eurasian Woodcock
"Sandpipers, Phalaropes, and Allies",American Woodcock
"Sandpipers, Phalaropes, and Allies",Wilson's Phalarope
"Sandpipers, Phalaropes, and Allies",Red-necked Phalarope
"Sandpipers, Phalaropes, and Allies",Red Phalarope
Pratincoles,Oriental Pratincole
Skuas and Jaegers,Great Skua
Skuas and Jaegers,South Polar Skua
Skuas and Jaegers,Pomarine Jaeger
Skuas and Jaegers,Parasitic Jaeger
Skuas and Jaegers,Long-tailed Jaeger
"Auks, Murres, and Puffins",Dovekie
"Auks, Murres, and Puffins",Common Murre
"Auks, Murres, and Puffins",Thick-billed Murre
"Auks, Murres, and Puffins",Razorbill
"Auks, Murres, and Puffins",Great Auk
"Auks, Murres, and Puffins",Black Guillemot
"Auks, Murres, and Puffins",Pigeon Guillemot
"Auks, Murres, and Puffins",Long-billed Murrelet
"Auks, Murres, and Puffins",Marbled Murrelet
"Auks, Murres, and Puffins",Kittlitz's Murrelet
"Auks, Murres, and Puffins",Scripps's Murrelet
"Auks, Murres, and Puffins",Guadalupe Murrelet
"Auks, Murres, and Puffins",Craveri's Murrelet
"Auks, Murres, and Puffins",Ancient Murrelet
"Auks, Murres, and Puffins",Cassin's Auklet
"Auks, Murres, and Puffins",Parakeet Auklet
"Auks, Murres, and Puffins",Least Auklet
"Auks, Murres, and Puffins",Whiskered Auklet
"Auks, Murres, and Puffins",Crested Auklet
"Auks, Murres, and Puffins",Rhinoceros Auklet
"Auks, Murres, and Puffins",Atlantic Puffin
"Auks, Murres, and Puffins",Horned Puffin
"Auks, Murres, and Puffins",Tufted Puffin
"Gulls, Terns, and Skimmers",Swallow-tailed Gull
"Gulls, Terns, and Skimmers",Black-legged Kittiwake
"Gulls, Terns, and Skimmers",Red-legged Kittiwake
"Gulls, Terns, and Skimmers",Ivory Gull
"Gulls, Terns, and Skimmers",Sabine's Gull
"Gulls, Terns, and Skimmers",Bonaparte's Gull
"Gulls, Terns, and Skimmers",Gray-hooded Gull
"Gulls, Terns, and Skimmers",Black-headed Gull
"Gulls, Terns, and Skimmers",Little Gull
"Gulls, Terns, and Skimmers",Ross's Gull
"Gulls, Terns, and Skimmers",Laughing Gull
"Gulls, Terns, and Skimmers",Franklin's Gull
"Gulls, Terns, and Skimmers",Belcher's Gull
"Gulls, Terns, and Skimmers",Black-tailed Gull
"Gulls, Terns, and Skimmers",Heermann's Gull
"Gulls, Terns, and Skimmers",Mew Gull
"Gulls, Terns, and Skimmers",Ring-billed Gull
"Gulls, Terns, and Skimmers",Western Gull
"Gulls, Terns, and Skimmers",Yellow-footed Gull
"Gulls, Terns, and Skimmers",California Gull
"Gulls, Terns, and Skimmers",Herring Gull
"Gulls, Terns, and Skimmers",Yellow-legged Gull
"Gulls, Terns, and Skimmers",Thayer's Gull
"Gulls, Terns, and Skimmers",Iceland Gull
"Gulls, Terns, and Skimmers",Lesser Black-backed Gull
"Gulls, Terns, and Skimmers",Slaty-backed Gull
"Gulls, Terns, and Skimmers",Glaucous-winged Gull
"Gulls, Terns, and Skimmers",Glaucous Gull
"Gulls, Terns, and Skimmers",Great Black-backed Gull
"Gulls, Terns, and Skimmers",Kelp Gull
"Gulls, Terns, and Skimmers",Brown Noddy
"Gulls, Terns, and Skimmers",Black Noddy
"Gulls, Terns, and Skimmers",Sooty Tern
"Gulls, Terns, and Skimmers",Bridled Tern
"Gulls, Terns, and Skimmers",Aleutian Tern
"Gulls, Terns, and Skimmers",Least Tern
"Gulls, Terns, and Skimmers",Large-billed Tern
"Gulls, Terns, and Skimmers",Gull-billed Tern
"Gulls, Terns, and Skimmers",Caspian Tern
"Gulls, Terns, and Skimmers",Black Tern
"Gulls, Terns, and Skimmers",White-winged Tern
"Gulls, Terns, and Skimmers",Whiskered Tern
"Gulls, Terns, and Skimmers",Roseate Tern
"Gulls, Terns, and Skimmers",Common Tern
"Gulls, Terns, and Skimmers",Arctic Tern
"Gulls, Terns, and Skimmers",Forster's Tern
"Gulls, Terns, and Skimmers",Royal Tern
"Gulls, Terns, and Skimmers",Sandwich Tern
"Gulls, Terns, and Skimmers",Elegant Tern
"Gulls, Terns, and Skimmers",Black Skimmer
Pigeons and Doves,Rock Pigeon
Pigeons and Doves,Scaly-naped Pigeon
Pigeons and Doves,White-crowned Pigeon
Pigeons and Doves,Red-billed Pigeon
Pigeons and Doves,Band-tailed Pigeon
Pigeons and Doves,Oriental Turtle-Dove
Pigeons and Doves,European Turtle-Dove
Pigeons and Doves,Eurasian Collared-Dove
Pigeons and Doves,Spotted Dove
Pigeons and Doves,Passenger Pigeon
Pigeons and Doves,Inca Dove
Pigeons and Doves,Common Ground-Dove
Pigeons and Doves,Ruddy Ground-Dove
Pigeons and Doves,Ruddy Quail-Dove
Pigeons and Doves,Key West Quail-Dove
Pigeons and Doves,White-tipped Dove
Pigeons and Doves,White-winged Dove
Pigeons and Doves,Zenaida Dove
Pigeons and Doves,Mourning Dove
"Cuckoos, Roadrunners, and Anis",Common Cuckoo
"Cuckoos, Roadrunners, and Anis",Oriental Cuckoo
"Cuckoos, Roadrunners, and Anis",Yellow-billed Cuckoo
"Cuckoos, Roadrunners, and Anis",Mangrove Cuckoo
"Cuckoos, Roadrunners, and Anis",Black-billed Cuckoo
"Cuckoos, Roadrunners, and Anis",Greater Roadrunner
"Cuckoos, Roadrunners, and Anis",Smooth-billed Ani
"Cuckoos, Roadrunners, and Anis",Groove-billed Ani
Barn Owls,Barn Owl
Typical Owls,Flammulated Owl
Typical Owls,Oriental Scops-Owl
Typical Owls,Western Screech-Owl
Typical Owls,Eastern Screech-Owl
Typical Owls,Whiskered Screech-Owl
Typical Owls,Great Horned Owl
Typical Owls,Snowy Owl
Typical Owls,Northern Hawk Owl
Typical Owls,Northern Pygmy-Owl
Typical Owls,Ferruginous Pygmy-Owl
Typical Owls,Elf Owl
Typical Owls,Burrowing Owl
Typical Owls,Mottled Owl
Typical Owls,Spotted Owl
Typical Owls,Barred Owl
Typical Owls,Great Gray Owl
Typical Owls,Long-eared Owl
Typical Owls,Stygian Owl
Typical Owls,Short-eared Owl
Typical Owls,Boreal Owl
Typical Owls,Northern Saw-whet Owl
Typical Owls,Northern Boobook
Goatsuckers,Lesser Nighthawk
Goatsuckers,Common Nighthawk
Goatsuckers,Antillean Nighthawk
Goatsuckers,Common Pauraque
Goatsuckers,Common Poorwill
Goatsuckers,Chuck-will's-widow
Goatsuckers,Buff-collared Nightjar
Goatsuckers,Eastern Whip-poor-will
Goatsuckers,Mexican Whip-poor-will
Goatsuckers,Gray Nightjar
Swifts,Black Swift
Swifts,White-collared Swift
Swifts,Chimney Swift
Swifts,Vaux's Swift
Swifts,White-throated Needletail
Swifts,Common Swift
Swifts,Fork-tailed Swift
Swifts,White-throated Swift
Swifts,Antillean Palm-Swift
Hummingbirds,Green Violetear
Hummingbirds,Green-breasted Mango
Hummingbirds,Magnificent Hummingbird
Hummingbirds,Plain-capped Starthroat
Hummingbirds,Blue-throated Hummingbird
Hummingbirds,Bahama Woodstar
Hummingbirds,Lucifer Hummingbird
Hummingbirds,Ruby-throated Hummingbird
Hummingbirds,Black-chinned Hummingbird
Hummingbirds,Anna's Hummingbird
Hummingbirds,Costa's Hummingbird
Hummingbirds,Bumblebee Hummingbird
Hummingbirds,Broad-tailed Hummingbird
Hummingbirds,Rufous Hummingbird
Hummingbirds,Allen's Hummingbird
Hummingbirds,Calliope Hummingbird
Hummingbirds,Broad-billed Hummingbird
Hummingbirds,Berylline Hummingbird
Hummingbirds,Buff-bellied Hummingbird
Hummingbirds,Cinnamon Hummingbird
Hummingbirds,Violet-crowned Hummingbird
Hummingbirds,White-eared Hummingbird
Hummingbirds,Xantus's Hummingbird
Trogons,Elegant Trogon
Trogons,Eared Quetzal
Hoopoes,Eurasian Hoopoe
Kingfishers,Ringed Kingfisher
Kingfishers,Belted Kingfisher
Kingfishers,Amazon Kingfisher
Kingfishers,Green Kingfisher
Woodpeckers and Allies,Eurasian Wryneck
Woodpeckers and Allies,Lewis's Woodpecker
Woodpeckers and Allies,Red-headed Woodpecker
Woodpeckers and Allies,Acorn Woodpecker
Woodpeckers and Allies,Gila Woodpecker
Woodpeckers and Allies,Golden-fronted Woodpecker
Woodpeckers and Allies,Red-bellied Woodpecker
Woodpeckers and Allies,Williamson's Sapsucker
Woodpeckers and Allies,Yellow-bellied Sapsucker
Woodpeckers and Allies,Red-naped Sapsucker
Woodpeckers and Allies,Red-breasted Sapsucker
Woodpeckers and Allies,Great Spotted Woodpecker
Woodpeckers and Allies,Ladder-backed Woodpecker
Woodpeckers and Allies,Nuttall's Woodpecker
Woodpeckers and Allies,Downy Woodpecker
Woodpeckers and Allies,Hairy Woodpecker
Woodpeckers and Allies,Arizona Woodpecker
Woodpeckers and Allies,Red-cockaded Woodpecker
Woodpeckers and Allies,White-headed Woodpecker
Woodpeckers and Allies,American Three-toed Woodpecker
Woodpeckers and Allies,Black-backed Woodpecker
Woodpeckers and Allies,Northern Flicker
Woodpeckers and Allies,Gilded Flicker
Woodpeckers and Allies,Pileated Woodpecker
Woodpeckers and Allies,Ivory-billed Woodpecker
Caracaras and Falcons,Collared Forest-Falcon
Caracaras and Falcons,Crested Caracara
Caracaras and Falcons,Eurasian Kestrel
Caracaras and Falcons,American Kestrel
Caracaras and Falcons,Red-footed Falcon
Caracaras and Falcons,Merlin
Caracaras and Falcons,Eurasian Hobby
Caracaras and Falcons,Aplomado Falcon
Caracaras and Falcons,Gyrfalcon
Caracaras and Falcons,Peregrine Falcon
Caracaras and Falcons,Prairie Falcon
"Lories, Lovebirds, and Australasian Parrots",Rosy-faced Lovebird
"Parakeets, Macaws, and Parrots",Monk Parakeet
"Parakeets, Macaws, and Parrots",Carolina Parakeet
"Parakeets, Macaws, and Parrots",Nanday Parakeet
"Parakeets, Macaws, and Parrots",Green Parakeet
"Parakeets, Macaws, and Parrots",Thick-billed Parrot
"Parakeets, Macaws, and Parrots",White-winged Parakeet
"Parakeets, Macaws, and Parrots",Red-crowned Parrot
Tyrant Flycatchers,Northern Beardless-Tyrannulet
Tyrant Flycatchers,Greenish Elaenia
Tyrant Flycatchers,White-crested Elaenia
Tyrant Flycatchers,Tufted Flycatcher
Tyrant Flycatchers,Olive-sided Flycatcher
Tyrant Flycatchers,Greater Pewee
Tyrant Flycatchers,Western Wood-Pewee
Tyrant Flycatchers,Eastern Wood-Pewee
Tyrant Flycatchers,Cuban Pewee
Tyrant Flycatchers,Yellow-bellied Flycatcher
Tyrant Flycatchers,Acadian Flycatcher
Tyrant Flycatchers,Alder Flycatcher
Tyrant Flycatchers,Willow Flycatcher
Tyrant Flycatchers,Least Flycatcher
Tyrant Flycatchers,Hammond's Flycatcher
Tyrant Flycatchers,Gray Flycatcher
Tyrant Flycatchers,Dusky Flycatcher
Tyrant Flycatchers,Pacific-slope Flycatcher
Tyrant Flycatchers,Cordilleran Flycatcher
Tyrant Flycatchers,Buff-breasted Flycatcher
Tyrant Flycatchers,Black Phoebe
Tyrant Flycatchers,Eastern Phoebe
Tyrant Flycatchers,Say's Phoebe
Tyrant Flycatchers,Vermilion Flycatcher
Tyrant Flycatchers,Dusky-capped Flycatcher
Tyrant Flycatchers,Ash-throated Flycatcher
Tyrant Flycatchers,Nutting's Flycatcher
Tyrant Flycatchers,Great Crested Flycatcher
Tyrant Flycatchers,Brown-crested Flycatcher
Tyrant Flycatchers,La Sagra's Flycatcher
Tyrant Flycatchers,Great Kiskadee
Tyrant Flycatchers,Social Flycatcher
Tyrant Flycatchers,Sulphur-bellied Flycatcher
Tyrant Flycatchers,Piratic Flycatcher
Tyrant Flycatchers,Variegated Flycatcher
Tyrant Flycatchers,Crowned Slaty Flycatcher
Tyrant Flycatchers,Tropical Kingbird
Tyrant Flycatchers,Couch's Kingbird
Tyrant Flycatchers,Cassin's Kingbird
Tyrant Flycatchers,Thick-billed Kingbird
Tyrant Flycatchers,Western Kingbird
Tyrant Flycatchers,Eastern Kingbird
Tyrant Flycatchers,Gray Kingbird
Tyrant Flycatchers,Loggerhead Kingbird
Tyrant Flycatchers,Scissor-tailed Flycatcher
Tyrant Flycatchers,Fork-tailed Flycatcher
"Becards, Tityras, and Allies",Masked Tityra
"Becards, Tityras, and Allies",Gray-collared Becard
"Becards, Tityras, and Allies",Rose-throated Becard
Shrikes,Brown Shrike
Shrikes,Loggerhead Shrike
Shrikes,Northern Shrike
Vireos,White-eyed Vireo
Vireos,Thick-billed Vireo
Vireos,Bell's Vireo
Vireos,Black-capped Vireo
Vireos,Gray Vireo
Vireos,Yellow-throated Vireo
Vireos,Plumbeous Vireo
Vireos,Cassin's Vireo
Vireos,Blue-headed Vireo
Vireos,Hutton's Vireo
Vireos,Warbling Vireo
Vireos,Philadelphia Vireo
Vireos,Red-eyed Vireo
Vireos,Yellow-green Vireo
Vireos,Black-whiskered Vireo
Vireos,Yucatan Vireo
Jays and Crows,Gray Jay
Jays and Crows,Brown Jay
Jays and Crows,Green Jay
Jays and Crows,Pinyon Jay
Jays and Crows,Steller's Jay
Jays and Crows,Blue Jay
Jays and Crows,Florida Scrub-Jay
Jays and Crows,Island Scrub-Jay
Jays and Crows,California Scrub-Jay
Jays and Crows,Woodhouse's Scrub-Jay
Jays and Crows,Mexican Jay
Jays and Crows,Clark's Nutcracker
Jays and Crows,Black-billed Magpie
Jays and Crows,Yellow-billed Magpie
Jays and Crows,Eurasian Jackdaw
Jays and Crows,American Crow
Jays and Crows,Northwestern Crow
Jays and Crows,Tamaulipas Crow
Jays and Crows,Fish Crow
Jays and Crows,Chihuahuan Raven
Jays and Crows,Common Raven
Larks,Eurasian Skylark
Larks,Horned Lark
Swallows,Purple Martin
Swallows,Cuban Martin
Swallows,Gray-breasted Martin
Swallows,Southern Martin
Swallows,Brown-chested Martin
Swallows,Tree Swallow
Swallows,Mangrove Swallow
Swallows,Violet-green Swallow
Swallows,Bahama Swallow
Swallows,Northern Rough-winged Swallow
Swallows,Bank Swallow
Swallows,Cliff Swallow
Swallows,Cave Swallow
Swallows,Barn Swallow
Swallows,Common House-Martin
Chickadees and Titmice,Carolina Chickadee
Chickadees and Titmice,Black-capped Chickadee
Chickadees and Titmice,Mountain Chickadee
Chickadees and Titmice,Mexican Chickadee
Chickadees and Titmice,Chestnut-backed Chickadee
Chickadees and Titmice,Boreal Chickadee
Chickadees and Titmice,Gray-headed Chickadee
Chickadees and Titmice,Bridled Titmouse
Chickadees and Titmice,Oak Titmouse
Chickadees and Titmice,Juniper Titmouse
Chickadees and Titmice,Tufted Titmouse
Chickadees and Titmice,Black-crested Titmouse
Verdin,Verdin
Bushtits,Bushtit
Nuthatches,Red-breasted Nuthatch
Nuthatches,White-breasted Nuthatch
Nuthatches,Pygmy Nuthatch
Nuthatches,Brown-headed Nuthatch
Creepers,Brown Creeper
Wrens,Rock Wren
Wrens,Canyon Wren
Wrens,House Wren
Wrens,Pacific Wren
Wrens,Winter Wren
Wrens,Sedge Wren
Wrens,Marsh Wren
Wrens,Carolina Wren
Wrens,Bewick's Wren
Wrens,Cactus Wren
Wrens,Sinaloa Wren
Gnatcatchers and Gnatwrens,Blue-gray Gnatcatcher
Gnatcatchers and Gnatwrens,California Gnatcatcher
Gnatcatchers and Gnatwrens,Black-tailed Gnatcatcher
Gnatcatchers and Gnatwrens,Black-capped Gnatcatcher
Dippers,American Dipper
Bulbuls,Red-whiskered Bulbul
Kinglets,Golden-crowned Kinglet
Kinglets,Ruby-crowned Kinglet
Leaf Warblers,Willow Warbler
Leaf Warblers,Common Chiffchaff
Leaf Warblers,Wood Warbler
Leaf Warblers,Dusky Warbler
Leaf Warblers,Pallas's Leaf Warbler
Leaf Warblers,Yellow-browed Warbler
Leaf Warblers,Arctic Warbler
Leaf Warblers,Kamchatka Leaf Warbler
Sylviid Warblers,Lesser Whitethroat
Sylviid Warblers,Wrentit
Reed Warblers,Sedge Warbler
Grassbirds,Middendorff's Grasshopper-Warbler
Grassbirds,Lanceolated Warbler
Old World Flycatchers,Gray-streaked Flycatcher
Old World Flycatchers,Asian Brown Flycatcher
Old World Flycatchers,Spotted Flycatcher
Old World Flycatchers,Dark-sided Flycatcher
Old World Flycatchers,Rufous-tailed Robin
Old World Flycatchers,Siberian Rubythroat
Old World Flycatchers,Bluethroat
Old World Flycatchers,Siberian Blue Robin
Old World Flycatchers,Red-flanked Bluetail
Old World Flycatchers,Narcissus Flycatcher
Old World Flycatchers,Mugimaki Flycatcher
Old World Flycatchers,Taiga Flycatcher
Old World Flycatchers,Northern Wheatear
Old World Flycatchers,Common Redstart
Old World Flycatchers,Stonechat
Thrushes,Eastern Bluebird
Thrushes,Western Bluebird
Thrushes,Mountain Bluebird
Thrushes,Townsend's Solitaire
Thrushes,Brown-backed Solitaire
Thrushes,Orange-billed Nightingale-Thrush
Thrushes,Black-headed Nightingale-Thrush
Thrushes,Veery
Thrushes,Gray-cheeked Thrush
Thrushes,Bicknell's Thrush
Thrushes,Swainson's Thrush
Thrushes,Hermit Thrush
Thrushes,Wood Thrush
Thrushes,Eurasian Blackbird
Thrushes,Eyebrowed Thrush
Thrushes,Dusky Thrush
Thrushes,Fieldfare
Thrushes,Redwing
Thrushes,Song Thrush
Thrushes,Clay-colored Thrush
Thrushes,White-throated Thrush
Thrushes,Rufous-backed Robin
Thrushes,American Robin
Thrushes,Red-legged Thrush
Thrushes,Varied Thrush
Thrushes,Aztec Thrush
Mockingbirds and Thrashers,Blue Mockingbird
Mockingbirds and Thrashers,Gray Catbird
Mockingbirds and Thrashers,Curve-billed Thrasher
Mockingbirds and Thrashers,Brown Thrasher
Mockingbirds and Thrashers,Long-billed Thrasher
Mockingbirds and Thrashers,Bendire's Thrasher
Mockingbirds and Thrashers,California Thrasher
Mockingbirds and Thrashers,Le Conte's Thrasher
Mockingbirds and Thrashers,Crissal Thrasher
Mockingbirds and Thrashers,Sage Thrasher
Mockingbirds and Thrashers,Bahama Mockingbird
Mockingbirds and Thrashers,Northern Mockingbird
Starlings,European Starling
Starlings,Common Myna
Accentors,Siberian Accentor
Wagtails and Pipits,Eastern Yellow Wagtail
Wagtails and Pipits,Citrine Wagtail
Wagtails and Pipits,Gray Wagtail
Wagtails and Pipits,White Wagtail
Wagtails and Pipits,Tree Pipit
Wagtails and Pipits,Olive-backed Pipit
Wagtails and Pipits,Pechora Pipit
Wagtails and Pipits,Red-throated Pipit
Wagtails and Pipits,American Pipit
Wagtails and Pipits,Sprague's Pipit
Waxwings,Bohemian Waxwing
Waxwings,Cedar Waxwing
Silky-flycatchers,Gray Silky-flycatcher
Silky-flycatchers,Phainopepla
Olive Warblers,Olive Warbler
Longspurs and Snow Buntings,Lapland Longspur
Longspurs and Snow Buntings,Chestnut-collared Longspur
Longspurs and Snow Buntings,Smith's Longspur
Longspurs and Snow Buntings,McCown's Longspur
Longspurs and Snow Buntings,Snow Bunting
Longspurs and Snow Buntings,McKay's Bunting
Wood-Warblers,Ovenbird
Wood-Warblers,Worm-eating Warbler
Wood-Warblers,Louisiana Waterthrush
Wood-Warblers,Northern Waterthrush
Wood-Warblers,Bachman's Warbler
Wood-Warblers,Golden-winged Warbler
Wood-Warblers,Blue-winged Warbler
Wood-Warblers,Black-and-white Warbler
Wood-Warblers,Prothonotary Warbler
Wood-Warblers,Swainson's Warbler
Wood-Warblers,Crescent-chested Warbler
Wood-Warblers,Tennessee Warbler
Wood-Warblers,Orange-crowned Warbler
Wood-Warblers,Colima Warbler
Wood-Warblers,Lucy's Warbler
Wood-Warblers,Nashville Warbler
Wood-Warblers,Virginia's Warbler
Wood-Warblers,Connecticut Warbler
Wood-Warblers,Gray-crowned Yellowthroat
Wood-Warblers,MacGillivray's Warbler
Wood-Warblers,Mourning Warbler
Wood-Warblers,Kentucky Warbler
Wood-Warblers,Common Yellowthroat
Wood-Warblers,Hooded Warbler
Wood-Warblers,American Redstart
Wood-Warblers,Kirtland's Warbler
Wood-Warblers,Cape May Warbler
Wood-Warblers,Cerulean Warbler
Wood-Warblers,Northern Parula
Wood-Warblers,Tropical Parula
Wood-Warblers,Magnolia Warbler
Wood-Warblers,Bay-breasted Warbler
Wood-Warblers,Blackburnian Warbler
Wood-Warblers,Yellow Warbler
Wood-Warblers,Chestnut-sided Warbler
Wood-Warblers,Blackpoll Warbler
Wood-Warblers,Black-throated Blue Warbler
Wood-Warblers,Palm Warbler
Wood-Warblers,Pine Warbler
Wood-Warblers,Yellow-rumped Warbler
Wood-Warblers,Yellow-throated Warbler
Wood-Warblers,Prairie Warbler
Wood-Warblers,Grace's Warbler
Wood-Warblers,Black-throated Gray Warbler
Wood-Warblers,Townsend's Warbler
Wood-Warblers,Hermit Warbler
Wood-Warblers,Golden-cheeked Warbler
Wood-Warblers,Black-throated Green Warbler
Wood-Warblers,Fan-tailed Warbler
Wood-Warblers,Rufous-capped Warbler
Wood-Warblers,Golden-crowned Warbler
Wood-Warblers,Canada Warbler
Wood-Warblers,Wilson's Warbler
Wood-Warblers,Red-faced Warbler
Wood-Warblers,Painted Redstart
Wood-Warblers,Slate-throated Redstart
Wood-Warblers,Yellow-breasted Chat
Spindalises,Western Spindalis
Tanagers,Red-legged Honeycreeper
Tanagers,Bananaquit
Tanagers,Yellow-faced Grassquit
Tanagers,Black-faced Grassquit
Tanagers,White-collared Seedeater
Emberizids,Olive Sparrow
Emberizids,Green-tailed Towhee
Emberizids,Spotted Towhee
Emberizids,Eastern Towhee
Emberizids,Rufous-crowned Sparrow
Emberizids,Canyon Towhee
Emberizids,California Towhee
Emberizids,Abert's Towhee
Emberizids,Rufous-winged Sparrow
Emberizids,Botteri's Sparrow
Emberizids,Cassin's Sparrow
Emberizids,Bachman's Sparrow
Emberizids,American Tree Sparrow
Emberizids,Chipping Sparrow
Emberizids,Clay-colored Sparrow
Emberizids,Brewer's Sparrow
Emberizids,Field Sparrow
Emberizids,Worthen's Sparrow
Emberizids,Black-chinned Sparrow
Emberizids,Vesper Sparrow
Emberizids,Lark Sparrow
Emberizids,Five-striped Sparrow
Emberizids,Black-throated Sparrow
Emberizids,Sagebrush Sparrow
Emberizids,Bell's Sparrow
Emberizids,Lark Bunting
Emberizids,Savannah Sparrow
Emberizids,Grasshopper Sparrow
Emberizids,Baird's Sparrow
Emberizids,Henslow's Sparrow
Emberizids,Le Conte's Sparrow
Emberizids,Nelson's Sparrow
Emberizids,Saltmarsh Sparrow
Emberizids,Seaside Sparrow
Emberizids,Fox Sparrow
Emberizids,Song Sparrow
Emberizids,Lincoln's Sparrow
Emberizids,Swamp Sparrow
Emberizids,White-throated Sparrow
Emberizids,Harris's Sparrow
Emberizids,White-crowned Sparrow
Emberizids,Golden-crowned Sparrow
Emberizids,Dark-eyed Junco
Emberizids,Yellow-eyed Junco
Emberizids,Pine Bunting
Emberizids,Yellow-browed Bunting
Emberizids,Little Bunting
Emberizids,Rustic Bunting
Emberizids,Yellow-throated Bunting
Emberizids,Yellow-breasted Bunting
Emberizids,Gray Bunting
Emberizids,Pallas's Bunting
Emberizids,Reed Bunting
"Cardinals, Piranga Tanagers and Allies",Hepatic Tanager
"Cardinals, Piranga Tanagers and Allies",Summer Tanager
"Cardinals, Piranga Tanagers and Allies",Scarlet Tanager
"Cardinals, Piranga Tanagers and Allies",Western Tanager
"Cardinals, Piranga Tanagers and Allies",Flame-colored Tanager
"Cardinals, Piranga Tanagers and Allies",Crimson-collared Grosbeak
"Cardinals, Piranga Tanagers and Allies",Northern Cardinal
"Cardinals, Piranga Tanagers and Allies",Pyrrhuloxia
"Cardinals, Piranga Tanagers and Allies",Yellow Grosbeak
"Cardinals, Piranga Tanagers and Allies",Rose-breasted Grosbeak
"Cardinals, Piranga Tanagers and Allies",Black-headed Grosbeak
"Cardinals, Piranga Tanagers and Allies",Blue Bunting
"Cardinals, Piranga Tanagers and Allies",Blue Grosbeak
"Cardinals, Piranga Tanagers and Allies",Lazuli Bunting
"Cardinals, Piranga Tanagers and Allies",Indigo Bunting
"Cardinals, Piranga Tanagers and Allies",Varied Bunting
"Cardinals, Piranga Tanagers and Allies",Painted Bunting
"Cardinals, Piranga Tanagers and Allies",Dickcissel
Blackbirds,Bobolink
Blackbirds,Red-winged Blackbird
Blackbirds,Tricolored Blackbird
Blackbirds,Tawny-shouldered Blackbird
Blackbirds,Eastern Meadowlark
Blackbirds,Western Meadowlark
Blackbirds,Yellow-headed Blackbird
Blackbirds,Rusty Blackbird
Blackbirds,Brewer's Blackbird
Blackbirds,Common Grackle
Blackbirds,Boat-tailed Grackle
Blackbirds,Great-tailed Grackle
Blackbirds,Shiny Cowbird
Blackbirds,Bronzed Cowbird
Blackbirds,Brown-headed Cowbird
Blackbirds,Black-vented Oriole
Blackbirds,Orchard Oriole
Blackbirds,Hooded Oriole
Blackbirds,Streak-backed Oriole
Blackbirds,Bullock's Oriole
Blackbirds,Spot-breasted Oriole
Blackbirds,Altamira Oriole
Blackbirds,Audubon's Oriole
Blackbirds,Baltimore Oriole
Blackbirds,Scott's Oriole
Fringilline and Cardueline Finches and Allies,Common Chaffinch
Fringilline and Cardueline Finches and Allies,Brambling
Fringilline and Cardueline Finches and Allies,Asian Rosy-Finch
Fringilline and Cardueline Finches and Allies,Gray-crowned Rosy-Finch
Fringilline and Cardueline Finches and Allies,Black Rosy-Finch
Fringilline and Cardueline Finches and Allies,Brown-capped Rosy-Finch
Fringilline and Cardueline Finches and Allies,Pine Grosbeak
Fringilline and Cardueline Finches and Allies,Eurasian Bullfinch
Fringilline and Cardueline Finches and Allies,Common Rosefinch
Fringilline and Cardueline Finches and Allies,Pallas's Rosefinch
Fringilline and Cardueline Finches and Allies,House Finch
Fringilline and Cardueline Finches and Allies,Purple Finch
Fringilline and Cardueline Finches and Allies,Cassin's Finch
Fringilline and Cardueline Finches and Allies,Red Crossbill
Fringilline and Cardueline Finches and Allies,White-winged Crossbill
Fringilline and Cardueline Finches and Allies,Common Redpoll
Fringilline and Cardueline Finches and Allies,Hoary Redpoll
Fringilline and Cardueline Finches and Allies,Eurasian Siskin
Fringilline and Cardueline Finches and Allies,Pine Siskin
Fringilline and Cardueline Finches and Allies,Lesser Goldfinch
Fringilline and Cardueline Finches and Allies,Lawrence's Goldfinch
Fringilline and Cardueline Finches and Allies,American Goldfinch
Fringilline and Cardueline Finches and Allies,Oriental Greenfinch
Fringilline and Cardueline Finches and Allies,Evening Grosbeak
Fringilline and Cardueline Finches and Allies,Hawfinch
Old World Sparrows,House Sparrow
Old World Sparrows,Eurasian Tree Sparrow
Waxbills,Scaly-breasted Munia
